target_date, sunset_time
01/08/2020,20:44
02/08/2020,20:42
03/08/2020,20:40
04/08/2020,20:38
05/08/2020,20:36
06/08/2020,20:34
07/08/2020,20:32
08/08/2020,20:30
09/08/2020,20:28
10/08/2020,20:26
11/08/2020,20:24
12/08/2020,20:22
13/08/2020,20:20
14/08/2020,20:18
15/08/2020,20:16
16/08/2020,20:14
17/08/2020,20:12
18/08/2020,20:09
19/08/2020,20:07
20/08/2020,20:05
21/08/2020,20:03
22/08/2020,20:01
23/08/2020,19:58
24/08/2020,19:56
25/08/2020,19:54
26/08/2020,19:51
27/08/2020,19:49
28/08/2020,19:47
29/08/2020,19:44
30/08/2020,19:42
31/08/2020,19:40
01/09/2020,19:37
02/09/2020,19:35
03/09/2020,19:33
04/09/2020,19:30
05/09/2020,19:28
06/09/2020,19:25
07/09/2020,19:23
08/09/2020,19:20
09/09/2020,19:18
10/09/2020,19:16
11/09/2020,19:13
12/09/2020,19:11
13/09/2020,19:08
14/09/2020,19:06
15/09/2020,19:03
16/09/2020,19:01
17/09/2020,18:58
18/09/2020,18:56
19/09/2020,18:54
20/09/2020,18:51
21/09/2020,18:49
22/09/2020,18:46
23/09/2020,18:44
24/09/2020,18:41
25/09/2020,18:39
26/09/2020,18:36
27/09/2020,18:34
28/09/2020,18:32
29/09/2020,18:29
30/09/2020,18:27
01/10/2020,18:24
02/10/2020,18:22
03/10/2020,18:19
04/10/2020,18:17
05/10/2020,18:15
06/10/2020,18:12
07/10/2020,18:10
08/10/2020,18:08
09/10/2020,18:05
10/10/2020,18:03
11/10/2020,18:01
12/10/2020,17:58
13/10/2020,17:56
14/10/2020,17:54
15/10/2020,17:51
16/10/2020,17:49
17/10/2020,17:47
18/10/2020,17:45
19/10/2020,17:42
20/10/2020,17:40
21/10/2020,17:38
22/10/2020,17:36
23/10/2020,17:34
24/10/2020,17:31
25/10/2020,16:29
26/10/2020,16:27
27/10/2020,16:25
28/10/2020,16:23
29/10/2020,16:21
30/10/2020,16:19
31/10/2020,16:17
01/11/2020,16:15
02/11/2020,16:13
03/11/2020,16:11
04/11/2020,16:09
05/11/2020,16:08
06/11/2020,16:06
07/11/2020,16:04
08/11/2020,16:02
09/11/2020,16:01
10/11/2020,15:59
11/11/2020,15:57
12/11/2020,15:56
13/11/2020,15:54
14/11/2020,15:52
15/11/2020,15:51
16/11/2020,15:50
17/11/2020,15:48
18/11/2020,15:47
19/11/2020,15:45
20/11/2020,15:44
21/11/2020,15:43
22/11/2020,15:42
23/11/2020,15:40
24/11/2020,15:39
25/11/2020,15:38
26/11/2020,15:37
27/11/2020,15:36
28/11/2020,15:35
29/11/2020,15:35
30/11/2020,15:34
01/12/2020,15:33
02/12/2020,15:32
03/12/2020,15:32
04/12/2020,15:31
05/12/2020,15:31
06/12/2020,15:30
07/12/2020,15:30
08/12/2020,15:30
09/12/2020,15:29
10/12/2020,15:29
11/12/2020,15:29
12/12/2020,15:29
13/12/2020,15:29
14/12/2020,15:29
15/12/2020,15:29
16/12/2020,15:29
17/12/2020,15:29
18/12/2020,15:30
19/12/2020,15:30
20/12/2020,15:30
21/12/2020,15:31
22/12/2020,15:32
23/12/2020,15:32
24/12/2020,15:33
25/12/2020,15:33
26/12/2020,15:34
27/12/2020,15:35
28/12/2020,15:36
29/12/2020,15:37
30/12/2020,15:38
31/12/2020,15:39
01/01/2021,15:40
02/01/2021,15:41
03/01/2021,15:42
04/01/2021,15:44
05/01/2021,15:45
06/01/2021,15:46
07/01/2021,15:48
08/01/2021,15:49
09/01/2021,15:51
10/01/2021,15:52
11/01/2021,15:54
12/01/2021,15:55
13/01/2021,15:57
14/01/2021,15:58
15/01/2021,16:00
16/01/2021,16:02
17/01/2021,16:04
18/01/2021,16:05
19/01/2021,16:07
20/01/2021,16:09
21/01/2021,16:11
22/01/2021,16:12
23/01/2021,16:14
24/01/2021,16:16
25/01/2021,16:18
26/01/2021,16:20
27/01/2021,16:22
28/01/2021,16:24
29/01/2021,16:26
30/01/2021,16:28
31/01/2021,16:30
01/02/2021,16:32
02/02/2021,16:34
03/02/2021,16:36
04/02/2021,16:37
05/02/2021,16:39
06/02/2021,16:41
07/02/2021,16:43
08/02/2021,16:45
09/02/2021,16:47
10/02/2021,16:49
11/02/2021,16:51
12/02/2021,16:53
13/02/2021,16:55
14/02/2021,16:57
15/02/2021,16:59
16/02/2021,17:01
17/02/2021,17:03
18/02/2021,17:05
19/02/2021,17:07
20/02/2021,17:09
21/02/2021,17:11
22/02/2021,17:13
23/02/2021,17:15
24/02/2021,17:17
25/02/2021,17:19
26/02/2021,17:21
27/02/2021,17:23
28/02/2021,17:25
01/03/2021,17:27
02/03/2021,17:28
03/03/2021,17:30
04/03/2021,17:32
05/03/2021,17:34
06/03/2021,17:36
07/03/2021,17:38
08/03/2021,17:40
09/03/2021,17:42
10/03/2021,17:44
11/03/2021,17:45
12/03/2021,17:47
13/03/2021,17:49
14/03/2021,17:51
15/03/2021,17:53
16/03/2021,17:55
17/03/2021,17:57
18/03/2021,17:58
19/03/2021,18:00
20/03/2021,18:02
21/03/2021,18:04
22/03/2021,18:06
23/03/2021,18:08
24/03/2021,18:10
25/03/2021,18:11
26/03/2021,18:13
27/03/2021,18:15
28/03/2021,19:17
29/03/2021,19:19
30/03/2021,19:20
31/03/2021,19:22
01/04/2021,19:24
02/04/2021,19:26
03/04/2021,19:28
04/04/2021,19:30
05/04/2021,19:31
06/04/2021,19:33
07/04/2021,19:35
08/04/2021,19:37
09/04/2021,19:39
10/04/2021,19:41
11/04/2021,19:42
12/04/2021,19:44
13/04/2021,19:46
14/04/2021,19:48
15/04/2021,19:50
16/04/2021,19:51
17/04/2021,19:53
18/04/2021,19:55
19/04/2021,19:57
20/04/2021,19:59
21/04/2021,20:01
22/04/2021,20:02
23/04/2021,20:04
24/04/2021,20:06
25/04/2021,20:08
26/04/2021,20:10
27/04/2021,20:11
28/04/2021,20:13
29/04/2021,20:15
30/04/2021,20:17
01/05/2021,20:19
02/05/2021,20:20
03/05/2021,20:22
04/05/2021,20:24
05/05/2021,20:26
06/05/2021,20:28
07/05/2021,20:29
08/05/2021,20:31
09/05/2021,20:33
10/05/2021,20:34
11/05/2021,20:36
12/05/2021,20:38
13/05/2021,20:40
14/05/2021,20:41
15/05/2021,20:43
16/05/2021,20:44
17/05/2021,20:46
18/05/2021,20:48
19/05/2021,20:49
20/05/2021,20:51
21/05/2021,20:52
22/05/2021,20:54
23/05/2021,20:55
24/05/2021,20:57
25/05/2021,20:58
26/05/2021,21:00
27/05/2021,21:01
28/05/2021,21:02
29/05/2021,21:04
30/05/2021,21:05
31/05/2021,21:06
01/06/2021,21:07
02/06/2021,21:08
03/06/2021,21:10
04/06/2021,21:11
05/06/2021,21:12
06/06/2021,21:13
07/06/2021,21:14
08/06/2021,21:14
09/06/2021,21:15
10/06/2021,21:16
11/06/2021,21:17
12/06/2021,21:18
13/06/2021,21:18
14/06/2021,21:19
15/06/2021,21:19
16/06/2021,21:20
17/06/2021,21:20
18/06/2021,21:21
19/06/2021,21:21
20/06/2021,21:21
21/06/2021,21:21
22/06/2021,21:22
23/06/2021,21:22
24/06/2021,21:22
25/06/2021,21:22
26/06/2021,21:22
27/06/2021,21:21
28/06/2021,21:21
29/06/2021,21:21
30/06/2021,21:21
01/07/2021,21:20
02/07/2021,21:20
03/07/2021,21:19
04/07/2021,21:19
05/07/2021,21:18
06/07/2021,21:18
07/07/2021,21:17
08/07/2021,21:16
09/07/2021,21:15
10/07/2021,21:15
11/07/2021,21:14
12/07/2021,21:13
13/07/2021,21:12
14/07/2021,21:11
15/07/2021,21:09
16/07/2021,21:08
17/07/2021,21:07
18/07/2021,21:06
19/07/2021,21:05
20/07/2021,21:03
21/07/2021,21:02
22/07/2021,21:00
23/07/2021,20:59
24/07/2021,20:57
25/07/2021,20:56
26/07/2021,20:54
27/07/2021,20:53
28/07/2021,20:51
29/07/2021,20:49
30/07/2021,20:48
31/07/2021,20:46
01/08/2021,20:44
02/08/2021,20:42
03/08/2021,20:41
04/08/2021,20:39
05/08/2021,20:37
06/08/2021,20:35
07/08/2021,20:33
08/08/2021,20:31
09/08/2021,20:29
10/08/2021,20:27
11/08/2021,20:25
12/08/2021,20:23
13/08/2021,20:21
14/08/2021,20:19
15/08/2021,20:16
16/08/2021,20:14
17/08/2021,20:12
18/08/2021,20:10
19/08/2021,20:08
20/08/2021,20:06
21/08/2021,20:03
22/08/2021,20:01
23/08/2021,19:59
24/08/2021,19:57
25/08/2021,19:54
26/08/2021,19:52
27/08/2021,19:50
28/08/2021,19:47
29/08/2021,19:45
30/08/2021,19:43
31/08/2021,19:40
01/09/2021,19:38
02/09/2021,19:35
03/09/2021,19:33
04/09/2021,19:31
05/09/2021,19:28
06/09/2021,19:26
07/09/2021,19:23
08/09/2021,19:21
09/09/2021,19:19
10/09/2021,19:16
11/09/2021,19:14
12/09/2021,19:11
13/09/2021,19:09
14/09/2021,19:06
15/09/2021,19:04
16/09/2021,19:02
17/09/2021,18:59
18/09/2021,18:57
19/09/2021,18:54
20/09/2021,18:52
21/09/2021,18:49
22/09/2021,18:47
23/09/2021,18:44
24/09/2021,18:42
25/09/2021,18:39
26/09/2021,18:37
27/09/2021,18:35
28/09/2021,18:32
29/09/2021,18:30
30/09/2021,18:27
01/10/2021,18:25
02/10/2021,18:22
03/10/2021,18:20
04/10/2021,18:18
05/10/2021,18:15
06/10/2021,18:13
07/10/2021,18:11
08/10/2021,18:08
09/10/2021,18:06
10/10/2021,18:03
11/10/2021,18:01
12/10/2021,17:59
13/10/2021,17:56
14/10/2021,17:54
15/10/2021,17:52
16/10/2021,17:50
17/10/2021,17:47
18/10/2021,17:45
19/10/2021,17:43
20/10/2021,17:41
21/10/2021,17:38
22/10/2021,17:36
23/10/2021,17:34
24/10/2021,17:32
25/10/2021,17:30
26/10/2021,17:28
27/10/2021,17:26
28/10/2021,17:24
29/10/2021,17:22
30/10/2021,17:20
31/10/2021,16:18
01/11/2021,16:16
02/11/2021,16:14
03/11/2021,16:12
04/11/2021,16:10
05/11/2021,16:08
06/11/2021,16:06
07/11/2021,16:04
08/11/2021,16:03
09/11/2021,16:01
10/11/2021,15:59
11/11/2021,15:58
12/11/2021,15:56
13/11/2021,15:54
14/11/2021,15:53
15/11/2021,15:51
16/11/2021,15:50
17/11/2021,15:48
18/11/2021,15:47
19/11/2021,15:46
20/11/2021,15:44
21/11/2021,15:43
22/11/2021,15:42
23/11/2021,15:41
24/11/2021,15:40
25/11/2021,15:39
26/11/2021,15:38
27/11/2021,15:37
28/11/2021,15:36
29/11/2021,15:35
30/11/2021,15:34
01/12/2021,15:33
02/12/2021,15:33
03/12/2021,15:32
04/12/2021,15:31
05/12/2021,15:31
06/12/2021,15:30
07/12/2021,15:30
08/12/2021,15:30
09/12/2021,15:29
10/12/2021,15:29
11/12/2021,15:29
12/12/2021,15:29
13/12/2021,15:29
14/12/2021,15:29
15/12/2021,15:29
16/12/2021,15:29
17/12/2021,15:29
18/12/2021,15:30
19/12/2021,15:30
20/12/2021,15:30
21/12/2021,15:31
22/12/2021,15:31
23/12/2021,15:32
24/12/2021,15:33
25/12/2021,15:33
26/12/2021,15:34
27/12/2021,15:35
28/12/2021,15:36
29/12/2021,15:37
30/12/2021,15:38
31/12/2021,15:39
01/01/2022,15:40
02/01/2022,15:41
03/01/2022,15:42
04/01/2022,15:44
05/01/2022,15:45
06/01/2022,15:46
07/01/2022,15:48
08/01/2022,15:49
09/01/2022,15:51
10/01/2022,15:52
11/01/2022,15:54
12/01/2022,15:55
13/01/2022,15:57
14/01/2022,15:58
15/01/2022,16:00
16/01/2022,16:02
17/01/2022,16:04
18/01/2022,16:05
19/01/2022,16:07
20/01/2022,16:09
21/01/2022,16:11
22/01/2022,16:12
23/01/2022,16:14
24/01/2022,16:16
25/01/2022,16:18
26/01/2022,16:20
27/01/2022,16:22
28/01/2022,16:24
29/01/2022,16:26
30/01/2022,16:28
31/01/2022,16:30
01/02/2022,16:32
02/02/2022,16:34
03/02/2022,16:36
04/02/2022,16:37
05/02/2022,16:39
06/02/2022,16:41
07/02/2022,16:43
08/02/2022,16:45
09/02/2022,16:47
10/02/2022,16:49
11/02/2022,16:51
12/02/2022,16:53
13/02/2022,16:55
14/02/2022,16:57
15/02/2022,16:59
16/02/2022,17:01
17/02/2022,17:03
18/02/2022,17:05
19/02/2022,17:07
20/02/2022,17:09
21/02/2022,17:11
22/02/2022,17:13
23/02/2022,17:15
24/02/2022,17:17
25/02/2022,17:19
26/02/2022,17:21
27/02/2022,17:23
28/02/2022,17:25
01/03/2022,17:27
02/03/2022,17:28
03/03/2022,17:30
04/03/2022,17:32
05/03/2022,17:34
06/03/2022,17:36
07/03/2022,17:38
08/03/2022,17:40
09/03/2022,17:42
10/03/2022,17:44
11/03/2022,17:45
12/03/2022,17:47
13/03/2022,17:49
14/03/2022,17:51
15/03/2022,17:53
16/03/2022,17:55
17/03/2022,17:57
18/03/2022,17:58
19/03/2022,18:00
20/03/2022,18:02
21/03/2022,18:04
22/03/2022,18:06
23/03/2022,18:08
24/03/2022,18:10
25/03/2022,18:11
26/03/2022,18:13
27/03/2022,19:17
28/03/2022,19:17
29/03/2022,19:19
30/03/2022,19:20
31/03/2022,19:22
01/04/2022,19:24
02/04/2022,19:26
03/04/2022,19:28
04/04/2022,19:30
05/04/2022,19:31
06/04/2022,19:33
07/04/2022,19:35
08/04/2022,19:37
09/04/2022,19:39
10/04/2022,19:41
11/04/2022,19:42
12/04/2022,19:44
13/04/2022,19:46
14/04/2022,19:48
15/04/2022,19:50
16/04/2022,19:51
17/04/2022,19:53
18/04/2022,19:55
19/04/2022,19:57
20/04/2022,19:59
21/04/2022,20:01
22/04/2022,20:02
23/04/2022,20:04
24/04/2022,20:06
25/04/2022,20:08
26/04/2022,20:10
27/04/2022,20:11
28/04/2022,20:13
29/04/2022,20:15
30/04/2022,20:17
01/05/2022,20:19
02/05/2022,20:20
03/05/2022,20:22
04/05/2022,20:24
05/05/2022,20:26
06/05/2022,20:28
07/05/2022,20:29
08/05/2022,20:31
09/05/2022,20:33
10/05/2022,20:34
11/05/2022,20:36
12/05/2022,20:38
13/05/2022,20:40
14/05/2022,20:41
15/05/2022,20:43
16/05/2022,20:44
17/05/2022,20:46
18/05/2022,20:48
19/05/2022,20:49
20/05/2022,20:51
21/05/2022,20:52
22/05/2022,20:54
23/05/2022,20:55
24/05/2022,20:57
25/05/2022,20:58
26/05/2022,21:00
27/05/2022,21:01
28/05/2022,21:02
29/05/2022,21:04
30/05/2022,21:05
31/05/2022,21:06
01/06/2022,21:07
02/06/2022,21:08
03/06/2022,21:10
04/06/2022,21:11
05/06/2022,21:12
06/06/2022,21:13
07/06/2022,21:14
08/06/2022,21:14
09/06/2022,21:15
10/06/2022,21:16
11/06/2022,21:17
12/06/2022,21:18
13/06/2022,21:18
14/06/2022,21:19
15/06/2022,21:19
16/06/2022,21:20
17/06/2022,21:20
18/06/2022,21:21
19/06/2022,21:21
20/06/2022,21:21
21/06/2022,21:21
22/06/2022,21:22
23/06/2022,21:22
24/06/2022,21:22
25/06/2022,21:22
26/06/2022,21:22
27/06/2022,21:21
28/06/2022,21:21
29/06/2022,21:21
30/06/2022,21:21
01/07/2022,21:20
02/07/2022,21:20
03/07/2022,21:19
04/07/2022,21:19
05/07/2022,21:18
06/07/2022,21:18
07/07/2022,21:17
08/07/2022,21:16
09/07/2022,21:15
10/07/2022,21:15
11/07/2022,21:14
12/07/2022,21:13
13/07/2022,21:12
14/07/2022,21:11
15/07/2022,21:09
16/07/2022,21:08
17/07/2022,21:07
18/07/2022,21:06
19/07/2022,21:05
20/07/2022,21:03
21/07/2022,21:02
22/07/2022,21:00
23/07/2022,20:59
24/07/2022,20:57
25/07/2022,20:56
26/07/2022,20:54
27/07/2022,20:53
28/07/2022,20:51
29/07/2022,20:49
30/07/2022,20:48
31/07/2022,20:46
01/08/2022,20:44
02/08/2022,20:42
03/08/2022,20:41
04/08/2022,20:39
05/08/2022,20:37
06/08/2022,20:35
07/08/2022,20:33
08/08/2022,20:31
09/08/2022,20:29
10/08/2022,20:27
11/08/2022,20:25
12/08/2022,20:23
13/08/2022,20:21
14/08/2022,20:19
15/08/2022,20:16
16/08/2022,20:14
17/08/2022,20:12
18/08/2022,20:10
19/08/2022,20:08
20/08/2022,20:06
21/08/2022,20:03
22/08/2022,20:01
23/08/2022,19:59
24/08/2022,19:57
25/08/2022,19:54
26/08/2022,19:52
27/08/2022,19:50
28/08/2022,19:47
29/08/2022,19:45
30/08/2022,19:43
31/08/2022,19:40
01/09/2022,19:38
02/09/2022,19:35
03/09/2022,19:33
04/09/2022,19:31
05/09/2022,19:28
06/09/2022,19:26
07/09/2022,19:23
08/09/2022,19:21
09/09/2022,19:19
10/09/2022,19:16
11/09/2022,19:14
12/09/2022,19:11
13/09/2022,19:09
14/09/2022,19:06
15/09/2022,19:04
16/09/2022,19:02
17/09/2022,18:59
18/09/2022,18:57
19/09/2022,18:54
20/09/2022,18:52
21/09/2022,18:49
22/09/2022,18:47
23/09/2022,18:44
24/09/2022,18:42
25/09/2022,18:39
26/09/2022,18:37
27/09/2022,18:35
28/09/2022,18:32
29/09/2022,18:30
30/09/2022,18:27
01/10/2022,18:25
02/10/2022,18:22
03/10/2022,18:20
04/10/2022,18:18
05/10/2022,18:15
06/10/2022,18:13
07/10/2022,18:11
08/10/2022,18:08
09/10/2022,18:06
10/10/2022,18:03
11/10/2022,18:01
12/10/2022,17:59
13/10/2022,17:56
14/10/2022,17:54
15/10/2022,17:52
16/10/2022,17:50
17/10/2022,17:47
18/10/2022,17:45
19/10/2022,17:43
20/10/2022,17:41
21/10/2022,17:38
22/10/2022,17:36
23/10/2022,17:34
24/10/2022,17:32
25/10/2022,17:30
26/10/2022,17:28
27/10/2022,17:26
28/10/2022,17:24
29/10/2022,17:22
30/10/2022,16:18
31/10/2022,16:18
01/11/2022,16:16
02/11/2022,16:14
03/11/2022,16:12
04/11/2022,16:10
05/11/2022,16:08
06/11/2022,16:06
07/11/2022,16:04
08/11/2022,16:03
09/11/2022,16:01
10/11/2022,15:59
11/11/2022,15:58
12/11/2022,15:56
13/11/2022,15:54
14/11/2022,15:53
15/11/2022,15:51
16/11/2022,15:50
17/11/2022,15:48
18/11/2022,15:47
19/11/2022,15:46
20/11/2022,15:44
21/11/2022,15:43
22/11/2022,15:42
23/11/2022,15:41
24/11/2022,15:40
25/11/2022,15:39
26/11/2022,15:38
27/11/2022,15:37
28/11/2022,15:36
29/11/2022,15:35
30/11/2022,15:34
01/12/2022,15:33
02/12/2022,15:33
03/12/2022,15:32
04/12/2022,15:31
05/12/2022,15:31
06/12/2022,15:30
07/12/2022,15:30
08/12/2022,15:30
09/12/2022,15:29
10/12/2022,15:29
11/12/2022,15:29
12/12/2022,15:29
13/12/2022,15:29
14/12/2022,15:29
15/12/2022,15:29
16/12/2022,15:29
17/12/2022,15:29
18/12/2022,15:30
19/12/2022,15:30
20/12/2022,15:30
21/12/2022,15:31
22/12/2022,15:31
23/12/2022,15:32
24/12/2022,15:33
25/12/2022,15:33
26/12/2022,15:34
27/12/2022,15:35
28/12/2022,15:36
29/12/2022,15:37
30/12/2022,15:38
31/12/2022,15:39
01/01/2023,15:40
02/01/2023,15:41
03/01/2023,15:42
04/01/2023,15:44
05/01/2023,15:45
06/01/2023,15:46
07/01/2023,15:48
08/01/2023,15:49
09/01/2023,15:51
10/01/2023,15:52
11/01/2023,15:54
12/01/2023,15:55
13/01/2023,15:57
14/01/2023,15:58
15/01/2023,16:00
16/01/2023,16:02
17/01/2023,16:04
18/01/2023,16:05
19/01/2023,16:07
20/01/2023,16:09
21/01/2023,16:11
22/01/2023,16:12
23/01/2023,16:14
24/01/2023,16:16
25/01/2023,16:18
26/01/2023,16:20
27/01/2023,16:22
28/01/2023,16:24
29/01/2023,16:26
30/01/2023,16:28
31/01/2023,16:30
01/02/2023,16:32
02/02/2023,16:34
03/02/2023,16:36
04/02/2023,16:37
05/02/2023,16:39
06/02/2023,16:41
07/02/2023,16:43
08/02/2023,16:45
09/02/2023,16:47
10/02/2023,16:49
11/02/2023,16:51
12/02/2023,16:53
13/02/2023,16:55
14/02/2023,16:57
15/02/2023,16:59
16/02/2023,17:01
17/02/2023,17:03
18/02/2023,17:05
19/02/2023,17:07
20/02/2023,17:09
21/02/2023,17:11
22/02/2023,17:13
23/02/2023,17:15
24/02/2023,17:17
25/02/2023,17:19
26/02/2023,17:21
27/02/2023,17:23
28/02/2023,17:25
01/03/2023,17:27
02/03/2023,17:28
03/03/2023,17:30
04/03/2023,17:32
05/03/2023,17:34
06/03/2023,17:36
07/03/2023,17:38
08/03/2023,17:40
09/03/2023,17:42
10/03/2023,17:44
11/03/2023,17:45
12/03/2023,17:47
13/03/2023,17:49
14/03/2023,17:51
15/03/2023,17:53
16/03/2023,17:55
17/03/2023,17:57
18/03/2023,17:58
19/03/2023,18:00
20/03/2023,18:02
21/03/2023,18:04
22/03/2023,18:06
23/03/2023,18:08
24/03/2023,18:10
25/03/2023,18:11
26/03/2023,19:17
27/03/2023,19:17
28/03/2023,19:17
29/03/2023,19:19
30/03/2023,19:20
31/03/2023,19:22
01/04/2023,19:24
02/04/2023,19:26
03/04/2023,19:28
04/04/2023,19:30
05/04/2023,19:31
06/04/2023,19:33
07/04/2023,19:35
08/04/2023,19:37
09/04/2023,19:39
10/04/2023,19:41
11/04/2023,19:42
12/04/2023,19:44
13/04/2023,19:46
14/04/2023,19:48
15/04/2023,19:50
16/04/2023,19:51
17/04/2023,19:53
18/04/2023,19:55
19/04/2023,19:57
20/04/2023,19:59
21/04/2023,20:01
22/04/2023,20:02
23/04/2023,20:04
24/04/2023,20:06
25/04/2023,20:08
26/04/2023,20:10
27/04/2023,20:11
28/04/2023,20:13
29/04/2023,20:15
30/04/2023,20:17
01/05/2023,20:19
02/05/2023,20:20
03/05/2023,20:22
04/05/2023,20:24
05/05/2023,20:26
06/05/2023,20:28
07/05/2023,20:29
08/05/2023,20:31
09/05/2023,20:33
10/05/2023,20:34
11/05/2023,20:36
12/05/2023,20:38
13/05/2023,20:40
14/05/2023,20:41
15/05/2023,20:43
16/05/2023,20:44
17/05/2023,20:46
18/05/2023,20:48
19/05/2023,20:49
20/05/2023,20:51
21/05/2023,20:52
22/05/2023,20:54
23/05/2023,20:55
24/05/2023,20:57
25/05/2023,20:58
26/05/2023,21:00
27/05/2023,21:01
28/05/2023,21:02
29/05/2023,21:04
30/05/2023,21:05
31/05/2023,21:06
01/06/2023,21:07
02/06/2023,21:08
03/06/2023,21:10
04/06/2023,21:11
05/06/2023,21:12
06/06/2023,21:13
07/06/2023,21:14
08/06/2023,21:14
09/06/2023,21:15
10/06/2023,21:16
11/06/2023,21:17
12/06/2023,21:18
13/06/2023,21:18
14/06/2023,21:19
15/06/2023,21:19
16/06/2023,21:20
17/06/2023,21:20
18/06/2023,21:21
19/06/2023,21:21
20/06/2023,21:21
21/06/2023,21:21
22/06/2023,21:22
23/06/2023,21:22
24/06/2023,21:22
25/06/2023,21:22
26/06/2023,21:22
27/06/2023,21:21
28/06/2023,21:21
29/06/2023,21:21
30/06/2023,21:21
01/07/2023,21:20
02/07/2023,21:20
03/07/2023,21:19
04/07/2023,21:19
05/07/2023,21:18
06/07/2023,21:18
07/07/2023,21:17
08/07/2023,21:16
09/07/2023,21:15
10/07/2023,21:15
11/07/2023,21:14
12/07/2023,21:13
13/07/2023,21:12
14/07/2023,21:11
15/07/2023,21:09
16/07/2023,21:08
17/07/2023,21:07
18/07/2023,21:06
19/07/2023,21:05
20/07/2023,21:03
21/07/2023,21:02
22/07/2023,21:00
23/07/2023,20:59
24/07/2023,20:57
25/07/2023,20:56
26/07/2023,20:54
27/07/2023,20:53
28/07/2023,20:51
29/07/2023,20:49
30/07/2023,20:48
31/07/2023,20:46
01/08/2023,20:44
02/08/2023,20:42
03/08/2023,20:41
04/08/2023,20:39
05/08/2023,20:37
06/08/2023,20:35
07/08/2023,20:33
08/08/2023,20:31
09/08/2023,20:29
10/08/2023,20:27
11/08/2023,20:25
12/08/2023,20:23
13/08/2023,20:21
14/08/2023,20:19
15/08/2023,20:16
16/08/2023,20:14
17/08/2023,20:12
18/08/2023,20:10
19/08/2023,20:08
20/08/2023,20:06
21/08/2023,20:03
22/08/2023,20:01
23/08/2023,19:59
24/08/2023,19:57
25/08/2023,19:54
26/08/2023,19:52
27/08/2023,19:50
28/08/2023,19:47
29/08/2023,19:45
30/08/2023,19:43
31/08/2023,19:40
01/09/2023,19:38
02/09/2023,19:35
03/09/2023,19:33
04/09/2023,19:31
05/09/2023,19:28
06/09/2023,19:26
07/09/2023,19:23
08/09/2023,19:21
09/09/2023,19:19
10/09/2023,19:16
11/09/2023,19:14
12/09/2023,19:11
13/09/2023,19:09
14/09/2023,19:06
15/09/2023,19:04
16/09/2023,19:02
17/09/2023,18:59
18/09/2023,18:57
19/09/2023,18:54
20/09/2023,18:52
21/09/2023,18:49
22/09/2023,18:47
23/09/2023,18:44
24/09/2023,18:42
25/09/2023,18:39
26/09/2023,18:37
27/09/2023,18:35
28/09/2023,18:32
29/09/2023,18:30
30/09/2023,18:27
01/10/2023,18:25
02/10/2023,18:22
03/10/2023,18:20
04/10/2023,18:18
05/10/2023,18:15
06/10/2023,18:13
07/10/2023,18:11
08/10/2023,18:08
09/10/2023,18:06
10/10/2023,18:03
11/10/2023,18:01
12/10/2023,17:59
13/10/2023,17:56
14/10/2023,17:54
15/10/2023,17:52
16/10/2023,17:50
17/10/2023,17:47
18/10/2023,17:45
19/10/2023,17:43
20/10/2023,17:41
21/10/2023,17:38
22/10/2023,17:36
23/10/2023,17:34
24/10/2023,17:32
25/10/2023,17:30
26/10/2023,17:28
27/10/2023,17:26
28/10/2023,17:24
29/10/2023,16:18
30/10/2023,16:18
31/10/2023,16:18
01/11/2023,16:16
02/11/2023,16:14
03/11/2023,16:12
04/11/2023,16:10
05/11/2023,16:08
06/11/2023,16:06
07/11/2023,16:04
08/11/2023,16:03
09/11/2023,16:01
10/11/2023,15:59
11/11/2023,15:58
12/11/2023,15:56
13/11/2023,15:54
14/11/2023,15:53
15/11/2023,15:51
16/11/2023,15:50
17/11/2023,15:48
18/11/2023,15:47
19/11/2023,15:46
20/11/2023,15:44
21/11/2023,15:43
22/11/2023,15:42
23/11/2023,15:41
24/11/2023,15:40
25/11/2023,15:39
26/11/2023,15:38
27/11/2023,15:37
28/11/2023,15:36
29/11/2023,15:35
30/11/2023,15:34
01/12/2023,15:33
02/12/2023,15:33
03/12/2023,15:32
04/12/2023,15:31
05/12/2023,15:31
06/12/2023,15:30
07/12/2023,15:30
08/12/2023,15:30
09/12/2023,15:29
10/12/2023,15:29
11/12/2023,15:29
12/12/2023,15:29
13/12/2023,15:29
14/12/2023,15:29
15/12/2023,15:29
16/12/2023,15:29
17/12/2023,15:29
18/12/2023,15:30
19/12/2023,15:30
20/12/2023,15:30
21/12/2023,15:31
22/12/2023,15:31
23/12/2023,15:32
24/12/2023,15:33
25/12/2023,15:33
26/12/2023,15:34
27/12/2023,15:35
28/12/2023,15:36
29/12/2023,15:37
30/12/2023,15:38
31/12/2023,15:39
01/01/2024,15:40
02/01/2024,15:41
03/01/2024,15:42
04/01/2024,15:44
05/01/2024,15:45
06/01/2024,15:46
07/01/2024,15:48
08/01/2024,15:49
09/01/2024,15:51
10/01/2024,15:52
11/01/2024,15:54
12/01/2024,15:55
13/01/2024,15:57
14/01/2024,15:58
15/01/2024,16:00
16/01/2024,16:02
17/01/2024,16:04
18/01/2024,16:05
19/01/2024,16:07
20/01/2024,16:09
21/01/2024,16:11
22/01/2024,16:12
23/01/2024,16:14
24/01/2024,16:16
25/01/2024,16:18
26/01/2024,16:20
27/01/2024,16:22
28/01/2024,16:24
29/01/2024,16:26
30/01/2024,16:28
31/01/2024,16:30
01/02/2024,16:32
02/02/2024,16:34
03/02/2024,16:36
04/02/2024,16:37
05/02/2024,16:39
06/02/2024,16:41
07/02/2024,16:43
08/02/2024,16:45
09/02/2024,16:47
10/02/2024,16:49
11/02/2024,16:51
12/02/2024,16:53
13/02/2024,16:55
14/02/2024,16:57
15/02/2024,16:59
16/02/2024,17:01
17/02/2024,17:03
18/02/2024,17:05
19/02/2024,17:07
20/02/2024,17:09
21/02/2024,17:11
22/02/2024,17:13
23/02/2024,17:15
24/02/2024,17:17
25/02/2024,17:19
26/02/2024,17:21
27/02/2024,17:23
28/02/2024,17:25
29/02/2024,17:25